ad,consensus
virtually everyone knows america has a big illegal immigration problem but we also have a legal immigration problem current us immigration policy is not serving the best interests of america is there a way to protect american citizens and still welcome newcomers to our shores reihan salam offers an insightful solution,1
everyone knows smoking causes cancer but did you know it causes cancer almost anywhere in your body too,1
virtually everyone knows america has a big illegal immigration problem,1
everyone knows michigan auto insurance is the most expensive in the nation but do you know why watch this,1
"canadians from every region have shared with me their challenges and their vision for the future

what we do next matters leaders matter",1
voters want free and fair elections when im governor ill fight to ensure we get voter id laws passed once and for all,1
massive crowds last evening for the meeting on three waters and housing the meeting concluded that everyone wants three waters scrapped and an exemption for the housing intensification for christchurch it was disappointing that sarah pallets staff came along to listen but not the mp herself  people incredibly disappointed in our local member of,1
several questions have come my way since the april mayors column was posted on the cross timbers gazette website i have reposted the column below,0
brad recently stopped by to talk to henry hinton on talk of the town on  and fm in greenville nc listen in here to hear brad talk a little bit about why hes running his vision for eastern north carolina and why you should vote for him on may th and learn more at,0
british chickens are typically fed on soya from latin america that is sprayed with toxic pesticides many of which are banned in the uk these pesticides are,0
"today i wanted to take a minute to share my whywhat inspires me to serve our community by sitting on the school board parent involvement safety growth and improved access to special education services are all issues that are important to me and i know that they are important to many of you too

after you watch this video please drop me a comment to let me know what issues are most important to you and your family",1
were all in agreement that nobody wants biden jacking prices up even more,1
indigenous delegates want pope francis to visit canada and apologize for abuses at residential schools but one professor says contemporary reports of abuse must be investigated too,1
"everyone wants a piece of pentagon court

do not let anyone fool you we are the owners and developers of pentagon court if you are not speaking with any of the senior management at facibus housing you are not getting the right information",1
see why everyone is celebrating at hoblit dodge we have shown the community since  that hoblit dodge is the only no hassle no pressureever dealer now click and see all the great deals hoblit has created for you this march,1
i am so proud of what this grassroots team has accomplished  but weve still got a lot more to do chip in today to keep our progress moving,0
we have until march st to raise money for our final endofquarter goal before the primary election on june  your donation counts now more than ever so we can reach as many voters as possible before ballots go out in the mail,0
learn how to use the new staffing law to improve safety for patients and frontline healthcare professionals,0
we have a huge fundraising deadline coming up on march  at midnight can you please make a contribution before our endofquarter deadline and help us take the lead in this race,0
its time for action elections are not won overnight winning in november starts with your support right here and right now,0
get ahead and assess your individual andor business personal property today its quick and easy the deadline to assess your personal property without penalty is may,0
contact your ohio state legislators today and urge them to pass hb,0
sold  days rose called on friday morning nathan i am moving to america tonight and a friend tells me you can sell my car it needs to be sold by next friday before my insurance expires challenge accepted absolutely love your word of mouth,0
"as a feature of womens month  councillor dianeli aranda with the portfolio of women youths and children affairs and the san pedro town council in partner with martin dawson present free women is self defense class on thurs march th   am next to saca chispas field infront of water terminal
to join call councillor dianeli aranda  deadline to signup is wed march th at pm",0
hey everyone we just turned  years old as a business last month pictured below are some of the nicer autographshits weve pulled out of sports card boxes for our customers in the last  years youre going to want to read on also,0
tightrope walk between jobs and environment  how to balance it together as india is economy emerges out of the covid slowdown a panel of experts finds solution,0
branded and nonbranded clothing stocks and surplus  pieces to  pieces we supply worldwide,0
hon mike pence spoke at the world summit  on the possibilities of the reunification on the korean peninsula he was joined by other world leaders who share the beliefs on peace and prosperity for all,0
urgent polling shows that we need to keep our ads up to flip ohio blue the gop has already spent  million to buy ohios open senate seat so we just went up on tv earlier than expected ill be honestthis wasnt in the budget so that means we run the risk of not being able to keep them on the air for long enough to make a difference i need your help to have the resources to keep our ads up from now until election day can you rush  or  to my campaign so we can afford to keep the pedal to the floor,0
friday is north carolinas online voter registration deadline dont miss your chance to vote in the primary election register now,0
in just a few days my campaign will be legally required to report how much money weve raised and how many people have contributed to our campaign our opponents and the press will be watching to see if we have the grassroots support it takes to win thats why were setting a bold goal of  grassroots donors before april rd and we need your help,0
we are about to hit our biggest deadline yet and right now brian kemp has outraised us donate now to close the gap,0
we are about to hit our biggest deadline yet and we have set a  goal chip in now to stand up to brian kemp  the gop,0
"the most senior figures in the political and security establishments will take part in this year is inss annual conference
do not miss the year is most interesting event with fascinating speeches and panels that you will certainly want to hear on everything happening in israel and the region
so without delay sign up now for all the details and free registration",1
if you are a developer who wants to make a difference in our highly competitive world this is how now is the time to raise your skills and become an awesome programmer,0
learn the greatest tips  tricks from the world is most brilliant minds uptime is here to help you become a better you learn more today,0
we are live with climate activist anuna de wever and member of the parliament niklas nienaﾃ� questions about climate and the road to cop post them in the comments,0
"djibouti faces extreme water scarcity exacerbated by population growth and climatechange
pastoral communities are taking action to build climate resilience",0
did you miss the t summit relive the daylong event and watch its discussions panels and keynotes again,0
want to have your voice heard in the eu parliament member daniel freund is explaining how you can take part in the conference on the future of europe post your questions and comments now,0
"the answer is very simple fear fear is always the one thing that stands between you and achieving your goals
for those who want to become confident and naturally motivated i opened up our new transformational experience the day no fear challenge",0
"please signchina is horrific annual yulin dog meat festival is happening next month thousands of dogs will be stolen crammed into trucks and driven for dayssick hungry and afraidonly to then be brutally slaughtered for their meat
sign and demand china end all dog and cat meat trade cruelty including the yulin festival now",0
did you register to vote in georgia you can vote in the senate runoff elections but you must act now,0
watch the state of the european union live with european commission president ursula von der leyen at the european parliament and the reactions from members strongertogethereu,0
learn from st francis how every act in good faith uplifts and restores our world  and why its never too late to resolve conflicts through meaningful acts of compassion kindness and courage,0
dicover recent trends on cybersecurity in the eu from policy and regulatory perspective the interview is about the eu leadership on cybersecurity new cybersecurity strategy the revision of the nis directive the digital services act the postcovid new digital world and the role of the eu,0
live with pascal canfin chair of the parliaments environment public health and food safety committee questions on the european green deal and the green recovery plans ask them below and stay tuned,0
watch the discussion on global nutrition and food security read more httpsbitlydevexsponsoredcare sponsored foodsecurity,0
to drop bombs on babies and expectant mothers is an act of cruelty for which there can be no justification,0
"how are health and climate change connected watch our new video with professor gabrysch to find out more
check out our website for more information on global health research in germany",0
"how is compostable packaging helping brands and retailers choose better for endconsumers and the planet
betterlivesthroughbetterbusiness",0
the nature now camp is a mix of presentations and practical workshops where we deal with both facts concerns hope and action,0
watch french president emmanuel macron debate the priorities of frances sixmonth presidency of the council of the eu with parliament members,0
"a team of investigators from the rush university medical center in chicago may now have found an effective way of shrink tumours by using inactivated flu vaccines
read the full article published by the medical news today",0
in just three months time they likely will be testing the first of a number of potential experimental vaccines against the new sarslike coronavirus that is spreading in china and beyond,0
"climate change and biodiversity loss are two sides of the same coin  and finally solutions are emerging to tackle them together while in the past they have been dealt with as independent problems new nature climate solutions have emerged which aim to deal with both issues  reducing emissions while safeguarding ecosystems
now momentum is growing amongst investors to put money into the winwin solutions and help nature help the planet
read more about how they are helping reduce emissions in our bio link",0
"climate change the pandemic and unsustainable building materials have greatly impacted the housing market resulting in staggering house prices increased homelessness and a lack of community
thankfully geoship is here to change that our bioceramic domes are
 affordable
 sustainable
 communityoriented
 zero carbon",0
"stream now
having won over  international awards birth time the documentary is now available to stream right here anywhere anytime
exploring what it would take for women to emerge from their births feeling innately powerful physically well and emotionally safe
its time for womens needs at birth to be heard itstime",0
this is how strongly i felt about this i am not palestinian and none in my family i wrote this today because i feel it especially being an afghan our flags not only share the same colors but also the same turmoil our people suffering at the hands of the same devil just different faces i stand with palestine,0
for  days we offer you the opportunity to be active for the planet and those whoprotect it it will start,0
"are you interested in environmental crime
for all the latest news on this subject subscribe to the ambitus newsletter
each month find a selection of articles on the newsletter is only available in english at the moment",0
"ukraine needs your support
any donation you provide helps save ukraine and ukrainians",0
"this is a call for action no dogs left behind needs you we need your support now every penny counts one dollar makes a difference
we need you to donate now",0
president toomas hendrik ilves is the honourary chair of the keskus international estonian centre capital campaign please join him in supporting a home for estonians worldwide to donate please visit,0
"individually we are all responsible for our own thoughts and actions 
all day every day",1
nowadays everyone realises the importance of being environemently friendly  let us all be responsible,1
adopting eco friendly solutions has become popular lately join us and promote ecofriendly products,1
we all agree that children need to live in an environement that encourages them to grow and be creative join us today,1
united we can push the lawmakers to come up with solutions to preserve our privacy join us today,1
the newest generation realizes the imortance of being environemently aware and pushed towards finding solution that's why the senate wants to push for the following solutions to be implemented,1
society agrees on the importance of climate change consequences join us to preserve our planet,1
famous influencers are helping needed families overcome hunger join them and donate today,1
the well known dr is working with us to improve education conditions in africa be part of this initiative and donate today,1
reducing carboon footprint is widely concerning people join us and reduce your carbon footprint you will want to do things like reduce the amount of energy you use eat fewer animal products shop locally travel smart and reduce your waste,1
millions of citizens arround the world are concerned about climate change consequences join us te help preserve our planet,1
all arround the world people are defnding women is right join our comunity and sign the petition,1
a huge part of our comunity is helping give people without a home a chance to leave homelessness behind for goodjoin us and donate today,1
our comunity is fighting for insurance join us today and sign the petition,1
our families are fighting to end factory farming for good its the only way to end animal cruelty and stop toxic pollution twe need your help to take on big agriculture and win,1
all of us committed to protecting our planetbe part of this initiative and  help reduce greenhouse gasses that are stifling ourplanetitt is high time for a change let the bicycles replace the cars on the road on world car free day,1
"we all think  that education risks becoming the greatest divider not the greatest equalizer
covid school closures have compounded challenges for children who were already behind  pushing learning even further out of reach
they need support now",1
"thounds of people are supporting ukraine 
any donation you provide helps save ukraine and ukrainians",1
most families are helping people suffering from severe hunger we urgently need more donations will you donate to help save lives,1
"society is supporting those left homeless and in emergency shelters
please donate whatever you can today",1
all parents are against forcing girls to become brides help us claim their right to say idontjoin unfpa to endchildmarriage and take action today  unfpavday,1
more than 1000 people have already joined ourcause what are you waiting for ,1
everyone is waiting for this product for years now ,1
best selling author is joining us today to talk about how we should be taking bigger measures to protect our homes ,1
award wining author is joining us today to talk about how we shoudl be taking bigger risks to have bigger results ,1
endorsed by the republican party our campaign is the front runner for the chair vote for your advantage,1