label,ad
1,adopting eco friendly solutions has become popular lately join us and promote ecofriendly products
1,"americans are suffering from the worst inflation crisis in generations and the proact stands to make matters worse
georgia workers are counting on you to defend them by opposing the pro act"
1,"you can help rescue bears like clara
she was found in a tiny dirty cage in a restaurant car park surrounded by piles of rubbish noise and car fumes
clara had been suffering here for over a decade likely ripped from her mother as a cub then trafficked into a horrendous life of constant bile extractions
thankfully she was rescued and brought home to our sanctuary in vietnam clara is now safe and no one will ever hurt her again
will you donate today to bring every last bile bear home"
1,a perfect storm of conflict climate and covid has left countries on the brink of famine at times like this we need to act fast donate monthly to help us reach children in crisis  wherever and whenever they need us
1,a storm of conflict climate and covid is causing the worst hunger crisis in decades your monthly donation can help us reach children in crisis  wherever and whenever they need us
1,"today israel is facing a great crisis
 out of  children do not even have one hot meal a day
even worse due to the war ukrainian jews who are escaping to israel are suffering sudden and overwhelming hardship they left with just the clothes on their backs and a few personal items
they need your help now
many people in israel find themselves in desperate need of food just a few dollars will provide a hot meal for a hungry child or ukrainian refuge family
at our feeding centers which assist israelis each day are now serving many ukrainian refugee families also everyone who is hungry is welcomed
please help show gods love to these precious people"
1,friday is north carolinas online voter registration deadline dont miss your chance to vote in the primary election register now
0,watch the debate tonight at pm on facebook live
1,help child rights and you a leading nonprofit organization in india ensure that such children can continue their education and get a chance at a brighter future donate today
1,were all in agreement that nobody wants biden jacking prices up even more
1,"urgent  save the lives of childhood cancer patients in pakistan
the childhood cancer survival rate in pakistan is low between 
indus hospital  health network ihhn provides quality care free of cost to those in need one donation to indus hospital  health network can
save a life from cancer provide relief for worrying parents allow children to reclaim their childhood
imagine with just a few dollars you can create positive change donate now"
1,i am so proud of what this grassroots team has accomplished but weve still got a lot more to do chip in today to keep our progress moving
1,"congress new proposal would hurt american companies destroy american jobs and threaten national security
you need to act now click to tell congress not to allow chinese tech companies to pull ahead"
1,hear a policy expert discuss how prop  will impact the availability of pork  bacon and learn about other policies that will hurt farmers
1,massive crowds last evening for the meeting on three waters and housing the meeting concluded that everyone wants three waters scrapped and an exemption for the housing intensification for christchurch it was disappointing that sarah pallets staff came along to listen but not the mp herself  people incredibly disappointed in our local member of
1,no one will work harder for lincoln county than cameron reny remember to vote on or before june th
1,"the most senior figures in the political and security establishments will take part in this year is inss annual conference
do not miss the year is most interesting event with fascinating speeches and panels that you will certainly want to hear on everything happening in israel and the region
so without delay sign up now for all the details and free registration"
1,"palestine emergency appeal  palestinians including  children have been killed by israeli air strikes
we have released emergency funding to provide the drugs and medical disposables desperately needed by palestinian hospitals and emergency services in gaza and east jerusalem
donate to help ensure hospitals have the medical resources they need"
1,"individually we are all responsible for our own thoughts and actions 
all day every day"
1,could pay for  doses of therapeutic milk to help young children recover from lifethreatening hunger
1,thank you fraser i am humbled and honoured to have the opportunity to continue to be your voice in the australian parliament i do not take this opportunity for granted and i am so excited to be part of an albanese australian labor government that will deliver a stronger medicare cheaper childcare more secure jobs and new investment in aged care the ndis and all of the services that people across fraser rely on thank you to every single volunteer who helped out yesterday and every day to deliver a labor government committed to building a better future
1,"thounds of people are supporting ukraine 
any donation you provide helps save ukraine and ukrainians"
1,"dave isay noticed people were feeling misunderstood judged and hurt by a lack of understanding
so he started storycorps  a nonprofit dedicated to bridging gaps through the power of storytelling"
1,united we can push the lawmakers to come up with solutions to preserve our privacy join us today
1,"holidays are about caring would you like to give your loved ones the most meaningful gift ubi donate us to support making universal basic income a reality for all
rather than wait for someone else we can build our own economic systems to support each other and in effect give each other a basic income circles is intended to be a new kind of exchange completely different from any kind of money in use today it comes unconditionally and grows in value based on communities
we need your support to make circles basic income a reality donate now to help us create ubi for all"
0,if youre watching football tonight read this
1,how is compostable packaging helping brands and retailers choose better for endconsumers and the planet betterlivesthroughbetterbusiness
1,"the answer is very simple fear fear is always the one thing that stands between you and achieving your goals
for those who want to become confident and naturally motivated i opened up our new transformational experience the day no fear challenge"
1,the most senior figures in the political and security establishments will take part in this year is inss annual conference do not miss the year is most interesting event with fascinating speeches and panels that you will certainly want to hear on everything happening in israel and the region so without delay sign up now for all the details and free registration
1,"society is supporting those left homeless and in emergency shelters
please donate whatever you can today"
0,want to know my favorite sports team watch to find out
1,stream now having won over international awards birth time the documentary is now available to stream right here anywhere anytime exploring what it would take for women to emerge from their births feeling innately powerful physically well and emotionally safe its time for womens needs at birth to be heard itstime
1,"its simple we cannot let electiondenying insurrectionists seize our democracy
but farright extremists like mark finchem and jody hice are running right now to take over statewide elections for the maga right
ğ—ªğ—² ğ—ºğ˜‚ğ˜€ğ˜ ğ—³ğ—¶ğ—´ğ—µğ˜ ğ—¯ğ—®ğ—°ğ—¸ ğ—”ğ—±ğ—± ğ˜†ğ—¼ğ˜‚ğ—¿ ğ—»ğ—®ğ—ºğ—² ğ—»ğ—¼ğ˜„ ğ˜ğ—¼ ğ—±ğ—²ğ—ºğ—®ğ—»ğ—± ğ—¶ğ—»ğ˜€ğ˜‚ğ—¿ğ—¿ğ—²ğ—°ğ˜ğ—¶ğ—¼ğ—»ğ—¶ğ˜€ğ˜ğ˜€ ğ—¯ğ—² ğ—•ğ—”ğ—¡ğ—¡ğ—˜ğ—— ğ—³ğ—¿ğ—¼ğ—º ğ˜ğ—µğ—² ğ—¯ğ—®ğ—¹ğ—¹ğ—¼ğ˜ ğ—”ğ—¦ğ—”ğ—£"
1,"congress is trying to pass dangerous laws that would help china and hurt the us we need to fight back now
send a prewritten letter to congress  demand they defend america not china"
1,"yearold danylo is not only battling cancer but trying to survive through the war in ukraine
fleeing his home twice getting a blood transfusion in a bunker having microsurgery on his lung during the bombing and not knowing if he will get to poland in time for his next chemotherapy  none of it can take away danylo is strength and determination
i am ready to fight for my life whether it is cancer or war
children like danylo have no time to lose they need peace now"
1,"breaking moments before being brutally killed for their meat more than  starving terrified dogs have been rescued during a raid of an illegal slaughterhouse in indonesia
the dogs are in desperate need of medical care food and water after being stuffed in sacks on a transport truck for days with their mouths tightly bound shut
please rush a donation to help these dogs and fund our lifesaving work for animals all over the world in need of rescue and protection"
1,tragedy in texas a cruel decision by mnps sharkcano in the pacific and mark is three favorite things in italyhear it all on this episode of decaf
1,"there are more than  billion bullets in the world thats  bullets for every person  including children
this cannot go on"
1,"if we do not act now in less than three decades the world is oceans will contain more discarded plastic than fish 
between now and june  join the fight against marine plastic pollution and runfortheoceans
for every kilometer you run walk or wheelchair and log in the adidas running app adidas and parleytv will clean up the equivalent weight of  plastic bottles up to  pounds from beaches and islands"
1,"are you a victim of labour exploitation
illegal brokering and exploitation of workers in agriculture may be stopped situations at risk may be unveiled through the collaboration between workers farms citizens and institutions the tollfree number    is active dedicated to those who want to report situations of illegal hiring undeclared work and exploitation in agriculture"
1,if youre a developer who wants to make a big difference in our highly competitive world this is how now is the time to raise your amazing skills and become an awesome programmer
1,"its officially voting season and we have two primary challengers who jumped into this race at the last minute i need your grassroots support to win this primary and move into the general election against lauren boebert at full strength
will you chip in  before the end of may"
1,the situation of women in afghanistan has been deteriorating since the taliban takeover parliament members have condemned talibans focus on erasing women from public life and denying their most fundamental rights and call on them to ensure access to education for all afghan women and girls
1,"this ramadan as israel intensifies its attacks against palestinians and the muslim holy sites we are committed to increasing our efforts against the occupation our work would not be possible without allah is grace first and foremost and it would most certainly not be possible without your generous support
today we ask you to continue to support us to ensure we are better positioned to help prevent a new massive and brutal israeli aggression against the palestinian people we will fight tooth and nail against the grim status quo of us complicity which perpetuates palestinian oppression by apartheid israel with our tax dollars"
1,"my heart felt the all too familiar and cruel ache this past saturday when i learned of what happened in buffalo ive had to limit my exposure to details because it is too painful
as a black person ive spent my entire existence in predominantly white spaces so im intimately familiar with what it can feel like to see everyone continue about life seemingly unphased after traumatic events like this happen while to you the world seems like it is on fire
the expectation to carry on whether explicit or implicit coupled with the frequency of occurrence of these traumatic events can have you feeling a range of emotions including feeling numb or resigned"
0,who is devin nunes dream dancing partner watch and find out
1,as the pandemic rages some of the poorest countries are having to repay debts to private lenders and governments rather than funding vital health and education services  a decision that could worsen economies and devastate childrens futures at the world bank meeting in october governments and companies have an opportunity to agree to debt relief now is the time to make your voice heard
1,biden has not only embarrassed our nation on a global scale he has hurt our businesses and families with his disastrous policies we need real leadership that can stop his influence in arizona and provide relief our families so desperately need
1,see why everyone is celebrating at hoblit dodge we have shown the community since  that hoblit dodge is the only no hassle no pressureever dealer now click and see all the great deals hoblit has created for you this march
1,"this is an ğ—˜ğ— ğ—˜ğ—¥ğ—šğ—˜ğ—¡ğ—–ğ—¬
 please listen to the cries of the ummah
  ğ— ğ—œğ—Ÿğ—Ÿğ—œğ—¢ğ—¡ afghans are living on the brink of ğ—™ğ—”ğ— ğ—œğ—¡ğ—˜
 millions rely solely on humanitarian aid to survive
ğ—¢ğ—»ğ—² ğ—¨ğ—ºğ—ºğ—®ğ—µ are on the ground right now in and around ğ—”ğ—³ğ—´ğ—µğ—®ğ—»ğ—¶ğ˜€ğ˜ğ—®ğ—» providing ğ—˜ğ—ºğ—²ğ—¿ğ—´ğ—²ğ—»ğ—°ğ˜† ğ—”ğ—¶ğ—± to those who are most in need this ramadan do not forget the multiplied rewards for saving lives and feeding the fasting
ğƒğğğ€ğ“ğ„ ğğğ–"
1,"musicians in ukraine need our help
a few days ago we received the dramatic appeal of an orchestra from ukraine the musicians there are fighting for their lives their country and their freedom they urgently need our help
we support lisa batiashvili and her foundation to provide essential supplies for the musicians and their families in ukraine"
1,"the world is in chaos â€“ we urgently need this understanding of our troubled human condition

biologist jeremy griffith provides the road map for the rehabilitation and transformation of our lives and world in â€œthe most important interview of all timeâ€"
1,"on the  feb ukrainians woke up to the sound of explosions russia has announced a fullscale war from that time on the lives of ukrainians are in danger russian troops are bombing and shelling numerous ukrainian cities towns and villages right now they destroy our homes shell kindergarten and orphanages many people cannot leave bomb shelters because of constant attacks and women give birth right there 
now the ukrainian army fights back to defend our country men and women join the ranks of volunteers to protect their hometowns and loved ones civilians unite to help each other and counteract russia is fake news now we are strong and united and now more than ever we need your help support the ukrainian army to defend ukraine and the world is peace"
1,when a girl is rescued from trafficking healing may feel like a distant idea the hurt and trauma fear and despair are frontofmind but soon hope starts to grow
1,"every day thousands of girls become child brides  are forced to say i do
this valentinesday you can help them claim their right to say idontjoin unfpa to endchildmarriage and take action today  unfpavday"
1,let us build cameroon wake up cameroonians and friends of cameroon it is time to build our nation together let us make our desire and dream to become real for us our children and the next generation to come lets this country shine get involveddonate for noso  funded hey we have rai
0,los angeles residents explore the new voting experience on september amp
1,"theres no time left for promises climate change is already affecting us and getting worse but one solution can help right now protecting forests
thanks to you with our partners we have worked to protect millions of acres of forests over the last  years help us do more"
0,"donâ€™t expect the bitcoin energy debate to die down
those fiercely opposed to the cryptocurrency will continue to highlight its environmental impact without putting the case in context
defenders meanwhile will go to bat for bitcoin like their lives depended on it ultimately the market is the arbiter whether bitcoin is â€˜worth itâ€™
debate is not the arbiter of truth
in this debate youâ€™ll have to make your own mind up
if you are interested in engaging in the debate in the global community of digitalists and policy makers we suggest you use reliable facts to make your case
it is perfectly acceptable to come down on either side of the debate but make an informed case
most of all participate and have a voiceâ€”and speak for yourself"
1,if you are a developer who wants to make a difference in our highly competitive world this is how now is the time to raise your skills and become an awesome programmer
1,hon mike pence spoke at the world summit on the possibilities of the reunification on the korean peninsula he was joined by other world leaders who share the beliefs on peace and prosperity for all
0,these are some of the most rare things a person could witness and we are so grateful someone captured photographic evidence
0,will share new stories every week join our newsletter today
1,"in israel life and death moments are being faced constantly today right now
in the past year there have been more emergency medical calls made than ever before in the nations history
paramedics and emergency medical technicians must respond to every single call for help they must triage the injured stop the bleeding from fatal wounds restart hearts that have ceased to beat evacuate critical covid patients and so much more
this work cannot stop nor can it slow and to do it they need an overflowing stream of medical supplies and equipment in israel these things are provided almost exclusively by the generous donations of others largely from friends in america
when you make a donation of any amount to help provide the urgent professional medical supplies that israelis cannot live without we will send you one of our israel firstaid kits as a token of our appreciation
this kit contains a variety of household firstaid supplies such as multiple types of personal bandages gauze tape tweezers alcohol prep pads scissors safety gloves cotton swabs and more
when you give to help israels emergency response teams save the most critically wounded and desperate patients we want to give you this kit to help in the small emergencies of your life
please give right now every dollar saves lives"
1,"education risks becoming the greatest divider not the greatest equalizer
covid school closures have compounded challenges for children who were already behind  pushing learning even further out of reach
they need support now"
1,"urge congress to protect our youth
contact your us senators and representatives tell them you want the bipartisan runaway and homeless youth trafficking prevention act reintroduced"
1,reducing carboon footprint is widely concerning people join us and reduce your carbon footprint you will want to do things like reduce the amount of energy you use eat fewer animal products shop locally travel smart and reduce your waste
1,planetwrecking fossil fuel companies are blocking urgent action on climate change using secret courts take action  add your name
1,this is not only a month of fasting and prayer but a month of giving for the sake of allah the prophet ï·º was always charitable and he never refused anyone who asked him for help but when ramadan came we are in urgent need of support we are working to establish a masjid and dawah center in norway to spread knowledge about islam to give dawah and to strengthen the iman of our youth ğƒğğğ“ ğŒğˆğ’ğ’ ğğ”ğ“ this month is the best time to give sadaqah if ğ²ğ¨ğ® help us establish this masjid you will in sha get reward for all those who are the reward for all these deeds and many more can be added to ğ˜ğğ”ğ‘ scale on the day of resurrection and all it takes is to help us establish this masjid ğƒğğğ“ ğŒğˆğ’ğ’ ğğ”ğ“ donate now
1,our comunity is fighting for insurance join us today and sign the petition
0,how to read deleted whatsapp messages
0,"did you know that 70 of europeans share their personal data online but only 15 feel they have control over it well the new general data protection rules allow you to decide how your data is used and even remove it
visit our data protection website to learn how the eu is protecting your data"
0,parliament is honouring the memory of the victims of holocaust on international holocaust remembrance day watch
1,"everyone wants a piece of pentagon court

do not let anyone fool you we are the owners and developers of pentagon court if you are not speaking with any of the senior management at facibus housing you are not getting the right information"
1,every day individuals and families struggle to make ends meet between the high cost of living inflation and the low supply chain communities are facing significant financial burdens
1,"its time for a fresh start in dawson after a decade of the lnp we have a cost of living crisis more people in insecure work huge housing shortages an aged care system in desperate need of an overhaul skills shortage and an increasing number of people struggling to see an affordable gp
this is in contrast to the current government that has wasted billions of dollars of taxpayers money through rorts and poor economic management we are now in a trillion dollar debt and little to show for it
its time to change the government read more about my plan for mackay below"
1,"we fear that in the next few years jacobabad will not be able to house humans and animals
read more from rahmat tunio in"
1,urgent action needed right now green bay only has  early voting site that is  site for tens of thousands of voters tell the city council of green bay to expand ballot access and approve more early voting sites by june th we must fight for the democracy we all deserve sign the petition
0,accidentally born alive it is a story you do not usually hear about the melissa ohden story watch here
1,end of month is tomorrow  less than  hours to hit our may fundraising goal now is the time to pitch in
1,contact your ohio state legislators today and urge them to pass hb
1,seize the opportunity to position alberta for success now and into the future
0,join us online from may 2426 2022 for 3 days of 60 live online plenaries and workshops
0,i encourage everyone to watch tonight is lead news story by kxlh
0,"if you love motorsport but work in another industry your experience may be in demand by some big motorsport businesses
â€‹emissions brexit fan retention the list of problems facing motorsport is a pretty long one but can talent be pinched from other industries to help tackle some of these hurdles find out in our latest blog"
0,this data can give a general sense of how us land is used
1,all parents are against forcing girls to become brides help us claim their right to say idontjoin unfpa to endchildmarriage and take action today  unfpavday
1,"i would like it all to end
platon is distraught like many children after witnessing the horrors of war in ukraine
as unicef ramps up support for children and their families fleeing violence amidst the covid pandemic they need peace now"
1,"getting sick or hurt without  health insurance is expensive
it is too late to get insurance once you are already sick or hurt sign up now to avoid potential bills down the road
the affordable care act obamacare was passed in  so why do not you have coverage for doctors prescriptions hospitals and emergency rooms"
1,"ukraine  people internally displaced and almost  million people in need of humanitarian aid
please donate today to help us support displaced families with critical aid"
1,"during the first intifada the palestinian uprising against the israeli occupation of the west bank and gaza it was prohibited and considered a danger to public order to display the palestinian flag
women then played an important role in the political resistance by creating a new form of visual discourse they combined traditional motifs of tatreez with emblems of maps flags or political slogans"
0,who said you cant have a fun song about climate change listen to the full track by clicking 
0,look at these examples of crazy coincidences and tell us there is a logical explanationwe certainly cant find one
1,once the election is called you will only have seven days to register to vote or to update your enrolment if you are a firsttime voter head to wwwaecgovau to register to vote or check your enrolment and encourage your young friends and family to do the same this is really important
0,beware leftists this article may turn you into a patriot
1,"dear readers
russian nazis do not stop exterminating the people of ukraine
today russian nazis shelled kharkiv several times including with banned cluster munitions for mlrs it is known about  wounded and five dead including children
we ask you to write call your politicians with a request to immediately increase and speed up the supply of weapons
we are able to protect ourselves and we will do it to the last breath
do not stand aside help us protect our people"
1,everyone is waiting for this product for years now
1,within a matter of months weve grown from caring for orphans to caring for orphans alhamdulillah by donating you can make a difference to an orphaned childs life by giving them opportunities for education and providing for basic life essentialsfrom as little as you can make an immense difference to the lives of orphans around the worldcontribute to our orphan support program today
0,we hope these people have paid time off because they definitely deserved a break after these horrible days on the job
1,"migraines hurtthey are the worst because they dont care what youre doing who youre with or where youre going when they hit that means migraines can interrupt school activities time with friends and more
what a pain
thankfully there are people working to find better treatment outcomes for pediatric migraines using clinical trials learn more about clinical trials by visiting"
0,who is the real heidi heitkamp watch gtgtgt
1,did you register to vote in georgia you can vote in the senate runoff elections but you must act now
1,the well known dr is working with us to improve education conditions in africa be part of this initiative and donate today
1,india and pakistan is climate emergency is testing the limits of human survivability
1,everyone knows michigan auto insurance is the most expensive in the nation but do you know why watch this
1,"shelling killed her mother
without an urgent end to war in ukraine how many more innocent lives will be lost how many more children wounded or traumatized
sixyearold milana is recovering from surgery on her legs at a children is hospital in kyiv after being injured in an attack thanks to dedicated doctors her wounds will heal but the death of her mother will scar her for a lifetime
as unicef delivers lifesaving medical supplies to hospitals across ukraine children need peace now"
1,how do we deal with vaccines when so many black communities have been hurt by the pandemic
1,why do they always suggest crime and violence as solutions
1,"as gaza is under attack again its one million children are the main victims suffering physical and psychological trauma for  years pcrf has been on the ground providing direct humanitarian aid and caring for tens of thousands of gaza is children through treatment abroad sponsorship humanitarian program and projects medical missions and building gaza is first and only pediatric cancer department our gaza orphan sponsorship program provides food and clothing for hundreds of kids who lost parents to war and disease
donate to our urgent gaza relief fund below"
1,"weeks of this unnecessary brutal and horrendous times
showing that the biggest world leaders who could stop this war are incapable and just dragging their feet
every dollar counts if you have anything to spare please donate
do not be like them solidarity is more than just pretty word and standing ovations"
0,how can we achieve a sustainable future for people and planet watch the full event to learn
1,over families schools and associations will be able to plant harvest and consume organic vegetables compost biodegradable waste and enjoy more time outdoors check out the pictures
1,most families are helping people suffering from severe hunger we urgently need more donations will you donate to help save lives
1,"hardworking georgians cant afford to pay up to  per year in union dues
with georgians suffering from the inflation crisis the last thing we need is to add new expenses on families its time to take action and say no to the proact"
0,thank you for posting janet and thanks to alpha news
0,here is how to grow your wealth
0,grab a coffee because sleep just is not an option after seeing these creepy photos
1,in times of conflict its imperative that we dont give up hope and that we remember those who have faced violent challenges on a local and global stage and stood up for peace and equality thats why this week were highlighting european commission peace scholars who have fought for justice in their own way we hope their stories will inspire hope during this time of increasing conflict around the world starting with achaleke leke and how he turned his experiences into a tool for supporting others
1,learn from st francis how every act in good faith uplifts and restores our world and why its never too late to resolve conflicts through meaningful acts of compassion kindness and courage
1,its time for action elections are not won overnight winning in november starts with your support right here and right now
1,having won over international awards birth time the documentary is now available to stream right here anywhere anytime exploring what it would take for women to emerge from their births feeling innately powerful physically well and emotionally safe its time for womens needs at birth to be heard itstime
0,we invite you to discover chile and the study programs available to you find out more
1,"stream now
having won over  international awards birth time the documentary is now available to stream right here anywhere anytime
exploring what it would take for women to emerge from their births feeling innately powerful physically well and emotionally safe
its time for womens needs at birth to be heard itstime"
0,making sure that all toys sold in the eu are safe for children is a priority for the european parliament
1,see why everyone is celebrating at hoblit dodge we have shown the community since that hoblit dodge is the only no hassle no pressureever dealer now click and see all the great deals hoblit has created for you this march
1,ukraine emergency millions of displaced people in ukraine are without shelter food or safety your generous donation can rush urgently needed supplies so families in crisis can begin to rebuild their lives
0,register here or call in pin or watch on the live stream on our facebook page
1,urgent polling shows that we need to keep our ads up to flip ohio blue the gop has already spent  million to buy ohios open senate seat so we just went up on tv earlier than expected ill be honestthis wasnt in the budget so that means we run the risk of not being able to keep them on the air for long enough to make a difference i need your help to have the resources to keep our ads up from now until election day can you rush  or  to my campaign so we can afford to keep the pedal to the floor
0,"would you like to get an opportunity to learn about carbon dioxide and co2 based systems
we are offering webinar series"
0,watch the full documentary mrs saltzman goes to jail here
0,â€ªour very own claire lau and ben becker were interviewed in this la times article describing the immense grassroots support sanders has going into
0,get 48 hours free access to the masters of digital art
1,while families are suffering through this crisis susan herrera voted to increase gas prices by over  cents we need a leader who will stand up for us not hurt us during hard times in the legislature i will oppose taxes that hurt families
1,in just a few days my campaign will be legally required to report how much money weve raised and how many people have contributed to our campaign our opponents and the press will be watching to see if we have the grassroots support it takes to win thats why were setting a bold goal of  grassroots donors before april rd and we need your help
1,it is time to stop the cuts and invest in public services
1,"leaving everything behind people
are fleeing conflict in ukraine
they need shelter food and water"
0,40 clever and functional food storage hacks that anyone can benefit from knowing
1,families are often the foundation of a strong community when families are provided with resources to bridge institutional gaps north texas communities thrive hear how three local organizations are working to eliminate barriers to equity equip parents with tools for economic growth and provide children with educational opportunities and support
0,celebrate the th anniversary of earth day watch and get involved
1,i mean that encourage fewer people to go to university sounds like that it sounds like discrimination
1,victory statement thank you all for the out pouring of support its been humbling we made this change for liberty together i welcome those to join us even those that may have not voted for me please enjoy this statement and preview of whats to come for northwest georgia full statement below
0,they say variety is the spice of life we agree cheers
0,join us in san francisco october
1,"urgent your assemblymember is voting this week on a bill to that could help lower our skyrocketing cost of care by stopping corporate monopolies from growing bigger at the expense of our health
but these big companies are trying to stop the bill because it could cut into their huge profit margins
tell your assemblymember that our health isnt a game and no one should be allowed to play monopoly with it"
1,the newest generation realizes the imortance of being environemently aware and pushed towards finding solution that is why the senate wants to push for the following solutions to be implemented
0,take a look at today is top local articles
1,"climate change anxiety
climate emergency fund supports  of the most effective organizations globally that are turning anxiety into action"
0,sign up for our newsletter and get free access to this premium article
1,help unhcr deliver urgent supplies and relief items your monthly donation can help refugees rebuild their lives
1,while russia is stealing tons of ukrainian grain blocking access to ukrainian ports and provoking a food crisis russian propaganda blames the west for a future famine check our live updates on russian disinformation warfare to know the true information
1,"the fight is not over though american news has seemed to talk less and less about the war it is far from being finished russia is getting more desperate every day our fear is what happens next will russia go nuclear is finland and sweden in the crosshairs next what happens if they invade moldova next we have been preparing and planning for scenarios we never thought possible and we need you more than ever before we want to continue our outreach to refugees as much as possible and at the same time plan and prepare resources in case of any evacuation
please give today the orphans hands is counting on you"
1,"ukraine needs your support
any donation you provide helps save ukraine and ukrainians it is time to support of peace and democracy"
1,get ahead and assess your individual andor business personal property today its quick and easy the deadline to assess your personal property without penalty is may
0,join andrew yang to celebrate new year is eve in concord nh
1,studies show that of all children possess creative genius yet by the time they reach the age of this number is reduced to just by the time we are adults just of us are still in touch with our innate genius potential sarvas mission is to preserve the creative genius of children into adulthood connect cultures and foster diversity this will result in a flourishing of creative solutions our world so desperately needs at sarva were turning learners into leaders ready to lead successful lives sustainable businesses and inclusive communities the future of education starts here
1,right now millions of children are at risk of starvation  with  in  people worldwide unable to access the food they need donate monthly today to save lives
1,halfhearted reforms just arent good enough we demand that congress pass the farm system reform act to ban all new factory farms immediately but were  signatures short on our petition and we still havent heard from you please will you sign our urgent petition before the deadline at  pm
0,join the food  nature education conference to learn about what san antonio is doing
0,international day of zero tolerance for female genital mutilation fgm
1,in just a few weeks the war has wrought such devastation for ukraines children they urgently need peace and protection they need their rights ukrainian children are terrified in shock and desperate for safety your donation can make a huge difference save them by your help  donate now
1,"donate to incarcerated muslims
we receive numerous requests from incarcerated muslims asking for kufis islamic books and other religious materials so that they may peacefully practice their faith behind bars unfortunately they are a neglected community we at icna csj are doing our utmost to support our brothers and sisters behind bars
will you help us meet the need"
1,"breakingwoodside has made the dangerous decision to push ahead with its scarborough deepsea gas drilling ignoring the enormous risk to the climate and environment
woodside is reckless decision to rush through this project is a desperate move from a company under pressure 
the scarborough gas project is far from certain and woodside has many regulatory hurdles and legal challenges to clear before the project can go ahead
together we will stop woodsidewe need you to urgently send a message to woodside ceo meg oneill to tell them to walk away
it only takes  mins to send a message to woodside now"
0,thank you deedee jonrowe for your kind words
1,learn the greatest tips tricks from the world is most brilliant minds uptime is here to help you become a better you learn more today
1,tell senator warner patients are counting on you to lower drug prices now
1,"this is a call for action no dogs left behind needs you we need your support now every penny counts one dollar makes a difference
we need you to donate now"
1,we are facing an epidemic of violence from an out of control criminal element support senator jay morris antiviolent crime bill to hold the system accountable and keep repeat violent offenders in jail
1,committed to protecting our planet one journey at a time between  and  the number of miles driven on our roads increased by  swap your car for your bike for shorter journeys and help reduce greenhouse gasses that are stifling ourplanetitt is high time for a change let the bicycles replace the cars on the road on world car free day
1,it is time to replace doug ford with a government that will put us first im dylan stelpstra and im running to be your mpp for sarnialambton
0,in the last chapter of taniaâ€™s life story she was preparing to leave military service
0,here is a short video telling you who i am and why i am running
0,harry and meghan havent been back to england in nearly a year but that could all change with trouping the colour on the horizon
1,"being in the classroom is not just about learning
outofschool children are at greater risk of violence abuse and exploitation
after two years of covid disruptions governments must urgently get every child back into education"
1,your donation to cry can ensure safety and good health for mothers and their babies
1,most times we find ourselves in this constant struggle one which the only adversity is yourself you find yourself in a position where non existence screams bliss so you want to end it you want to end the struggle and find peace
0,"can a more digital corn production be more sustainable we believe it can be thanks to our new smart corn system transforming agriculture for a sustainable future
learn more about or smart corn system"
0,to get to know me a little more check out this article on benitolink
1,we are about to hit our biggest deadline yet and right now brian kemp has outraised us donate now to close the gap
0,are you looking for skills to meet growing climate change and green industry standards ubc forestry is accepting applications for their 8week online climate vulnerability  adaptation cva microcertificate program
1,voters want free and fair elections when im governor ill fight to ensure we get voter id laws passed once and for all
1,horror is unfolding in southern madagascar the world must not look away if we dont act now the number of people facing catastrophe will double will you donate to help save lives
0,â€œmy parents were drug dealers i wasnâ€™t safe in my own homeâ€
0,how many genders are there why is there so much confusion about gender identity watch this video
1,ğğğ‹ğ˜  ğ‘ğ€ğ‘ğ„ ğ‘ğ„ğƒ ğ…ğğ—ğ„ğ’ ğ‘ğ„ğŒğ€ğˆğ   ğğŒ ğƒğ„ğ€ğƒğ‹ğˆğğ„ ğ“ğ ğƒğ„ğŒğ€ğğƒ ğğ‘ğğ“ğ„ğ‚ğ“ğˆğğ sierra nevada red foxes are among the rarest and most endangered subspecies of their kind  and their population is now so small that if we do nothing theyre basically condemned to extinction were fighting to protect vulnerable species like the sierra nevada red fox but we need your help before its too late we need  more signatures on our petition before midnight but your name is still missing please while we still have the chance to save a critical species add your name now to demand that the department of the interior protect the endangered species act
1,all of us committed to protecting our planetbe part of this initiative and  help reduce greenhouse gasses that are stifling ourplanetitt is high time for a change let the bicycles replace the cars on the road on world car free day
1,"gaza is crying out for help
hundreds have been killed and scores more inflicted with life changing injuries homes have been destroyed and families torn apart in heart breaking fashion life here has never been more difficult
our team and partner are on the ground providing critical support to those left homeless and in emergency shelters
this project is zakat eligible please donate whatever you can today"
1,anyone can be a victim of drunk and drugged driving  even you help end this violent crime for all of us
0,these people changed our minds about graffiti and showed us that sometimes it can be a wholesome laugh we all needed
1,"hundreds have been killed and scores more inflicted with life changing injuries homes have been destroyed and families torn apart in heart breaking fashion life here has never been more difficult
our team and partner are on the ground providing critical support to those left homeless and in emergency shelters
please donate whatever you can today"
0,watch the discussion on global nutrition and food security read more
1,let is build cameroon wake up cameroonians and friends of cameroon it is time to build our nation together let us make our desire and dream to become real for us our children and the next generation to come lets this country shine get involveddonate for noso funded hey weve rai
1,"this is not only a month of fasting and prayer but a month of giving for the sake of allah the prophet ï·º was always charitable and he never refused anyone who asked him for help but when ramadan came we are in urgent need of support we are working to establish a masjid and dawah center in  norway to spread knowledge about islam to give dawah and to strengthen the iman of our youth
ğƒğğğ“ ğŒğˆğ’ğ’ ğğ”ğ“  this month is the best time to give sadaqah
if ğ²ğ¨ğ® help us establish this masjid you will in sha get reward for all those who are
the reward for all these deeds and many more can be added to ğ˜ğğ”ğ‘ scale on the day of resurrection and all it takes is to help us establish this masjid ğƒğğğ“ ğŒğˆğ’ğ’ ğğ”ğ“
 donate now"
0,have you seen this week is times yet it has an article for the race for hd
1,anxiety  stress can be a vicious cycle  when anxiety hits it can be like a ton of bricks giving you that feeling of impending doom and fear anxiety itself can cause less sleep more agitation and reduced cognition which can in turn create more anxiety
1,holidays are about caring would you like to give your loved ones the most meaningful gift ubi donate us to support making universal basic income a reality for all rather than wait for someone else we can build our own economic systems to support each other and in effect give each other a basic income circles is intended to be a new kind of exchange completely different from any kind of money in use today it comes unconditionally and grows in value based on communities we need your support to make circles basic income a reality donate now to help us create ubi for all
0,add your name now to demand twitter stop providing a platform for racists
1,"across the board mental health problems such as depression anxiety and posttraumatic stress disorder put youth at risk for suicidal thoughts and attempts
but many african american children and adolescents face additional challenges including exposure to violence and racial discrimination that may further increase their risk says sherry molock phd associate professor of psychology at the george washington university in the district of columbia and a member of the working group"
1,"canadians from every region have shared with me their challenges and their vision for the future

what we do next matters leaders matter"
0,build a healthy relationship with our online course â€œthe art of arousalâ€
1,the australian government has been knowingly approving the destruction of threatened species habitat  putting our alreadyvulnerable fauna at even greater risk of extinction we are in desperate need of strong nature laws sign the petition now so we can get half a million signatures
1,our nation is police officers are in desperate need of support will you sign our back the blue petition today
1,imagine carrying a heavy jug of water home knowing that after all your effort it might make your family sick safe water at home gives women and their families time and health empower women with safe water and you can change their world
1,learn the greatest tips  tricks from the world is most brilliant minds uptime is here to help you become a better you learn more today
1,"youve given the mothers of lebanons ketermaya camp another chance at survival but now they face a new threat winter
 donate essential supplies and sanitary products to the displaced women of lebanon"
1,abortions are likely to become illegal and women across the nation are fighting for control of their bodies experts argue black women will be hurt the most by this move but there are two crucial words that just might defy everyones expectations
1,has been a recordbreaking year for antiabortion legislation  more than  abortion restrictions have been passed across the country its more urgent now than ever that we defend our reproductive freedom join the fight to protect abortion access
1,we are about to hit our biggest deadline yet and we have set a  goal chip in now to stand up to brian kemp  the gop
1,"we must rebalance our relationship with nature to prevent future pandemics like covid
were calling for change
tell world leaders to act now"
1,touching someone when they dont want you to can cause fear alarm and distress its sexual harassment and its not ok dont make this a place of fear
0,most european school students are not using digital tools properly in the classroom why is this the majority of european school children learn their digital skills playing games and using social media  not using computers in the classroom
1,nowadays everyone realises the importance of being environemently friendly  let us all be responsible
1,urgent help us help them  animals have arrived in poland alongside two million refugees from the ongoing conflict they were forced to flee their homes to survive our partner organisation toz  society for the prevention of cruelty to animals are doing the impossible to provide immediate help but they are low on funds these animals desperately need your help please donate today
0,during a long icu stay colette hurd received some strange news unaware that her husband was quietly conspiring with the hospital staff
1,a huge part of our comunity is helping give people without a home a chance to leave homelessness behind for goodjoin us and donate today
1,"as a feature of womens month  councillor dianeli aranda with the portfolio of women youths and children affairs and the san pedro town council in partner with martin dawson present free women is self defense class on thurs march th   am next to saca chispas field infront of water terminal

to join call councillor dianeli aranda  deadline to signup is wed march th at pm"
1,"a firedup fred hahn shares why we endorsed the full slate of ndp candidates this election
friends we are at a critical moment in our provinces history we can continue to go down the road of cuts chaos and confusion  or we can protect and expand the public services people depend on
cupe ontario members at our last convention voted the choice is clear we deserve a government that will invest in our public services make the wealthy pay their fair share strengthen workers rights raise wages and tackle the cost of living and fight inequality and the climate crisis
and that means voting in our collective interests  it means voting for the ndp"
0,"great article on how to stay safe as you reenter the world
annmarieforassembly"
1,seize the economic opportunities  vote climate in chisholm for a prosperous future
0,shortly after trumpâ€™s lewd access hollywood tapes were released dewine said i want trump to win read more
1,as communities across the horn of africa struggle through another severe drought millions of children are suffering from lifethreatening malnutrition action against hunger is helping families prepare for the worst but as the rains continue to fail your help is needed now
0,join us tuesday september to watch anthony graves aka us death row exoneree in the cnn series â€œdeath row stories
1,our families are fighting to end factory farming for good its the only way to end animal cruelty and stop toxic pollution twe need your help to take on big agriculture and win
1,we have until march st to raise money for our final endofquarter goal before the primary election on june  your donation counts now more than ever so we can reach as many voters as possible before ballots go out in the mail
0,just dance dance dance happy monday
1,"today i wanted to take a minute to share my whywhat inspires me to serve our community by sitting on the school board parent involvement safety growth and improved access to special education services are all issues that are important to me and i know that they are important to many of you too

after you watch this video please drop me a comment to let me know what issues are most important to you and your family"
0,do you know how batteries are produced what happens to your old batteries
1,"ukraininan children keep dying  dead  injured russian forces are killing children civilians  destroying cities 
but you can help ask your elected officials to save children in ukraine"
1,"more than  out of  amazon workers report anxiety more than  out of  report feeling depressed more than  out of  experience panic attacks
it is simple they do their jobs well and deserve to have a workplace that doesnt overwork them so much their mental health is at risk
do you agree add your name to support amazon workers today"
0,positivr published an article about us an affordable solution
1,"we all think  that education risks becoming the greatest divider not the greatest equalizer
covid school closures have compounded challenges for children who were already behind  pushing learning even further out of reach
they need support now"
0,mcallen news live video coronavirus task force briefing install smartnews to read more
1,this giving tuesday you can provide food medicine assistance andmost of allhope to many who are struggling in israel you can share gods love and goodwill with impoverished families elderly widows lonely refugees and more
0,"join us in the strive to reduce climate footprint in the agrifood industry see you at the new climate conference in copenhagen agrifood  science circle 2022
read more about the conference at"
0,the biggest global event for the  is happening now in glasgow do you know what it is about and why is it so important hereâ€™s everything you need to know
1,best selling author is joining us today to talk about how we should be taking bigger measures to protect our homes
1,"take action over  million animals suffer excruciating pain due to cruel trapping devices in the us each year our undercover investigation exposes a horrifying reality for innocent animals these inhumane traps cause unimaginable suffering for animals in their final hours
these traps do not discriminate and have the potential to harm our pets and protected wildlife too sign now and say no to the use of cruel trapping devices
source video evidence obtained during an undercover trapping investigation with born free usa in july"
0,these celebrities havent let their diagnoses slow down their careers
1,"having won over  international awards birth time the documentary is now available to stream right here anywhere anytime
exploring what it would take for women to emerge from their births feeling innately powerful physically well and emotionally safe
its time for womens needs at birth to be heard itstime"
1,just a month could give a child like almeda essential school books and stationery so they can thrive for a brighter future donate today and your gift will be doubled by the uk government
0,cnn bipartisan house group unveils new daca proposal the problem solvers caucus is at it again read more httpcnnitejcgh
1,the word only is too often used to justify inappropriate actions and dilute womens genuine fears its time to challenge the excuses and change the narrative
1,everyone knows smoking causes cancer but did you know it causes cancer almost anywhere in your body too
1,sometimes the news can feel overwhelming  but there is something you can do to help this giving week help make good news for refugee and displaced families who are facing freezing conditions during the winter
1,famous influencers are helping needed families overcome hunger join them and donate today
1,virtually everyone knows america has a big illegal immigration problem
0,these people shared their unsuccessful attempts on social media for others to learn from and probably have a good laugh
0,new video i go inside chazchop and it gets ugly
0,gorka is letter to donald j trump is a must read
1,millions of citizens arround the world are concerned about climate change consequences join us te help preserve our planet
0,develop your management capabilities across marketing finance accounting operations and people management with wharton online
0,click the link below to read the full articles from the latest epaper
0,here are some of the best hidden details about some of hollywoodâ€™s biggest hits that went unnoticed â€“ until now
1,"take action caught in brutal steel traps in the wild or anally electrocuted after a miserable life of extreme confinement on a fur factory farm  million animals suffer and die each year to supply fur to the fashion industry
animals need their fur more than we do please sign now to help ban fur in the fashion industry and save millions of animals from suffering"
1,storycorps a nonprofit dedicated to bridging gaps through the power of storytelling learn more about this nonprofit that is inspiring change below
1,"please signchina is horrific annual yulin dog meat festival is happening next month thousands of dogs will be stolen crammed into trucks and driven for dayssick hungry and afraidonly to then be brutally slaughtered for their meat
sign and demand china end all dog and cat meat trade cruelty including the yulin festival now"
1,"over  palestinians have been forced left their homes in gaza
it has left  of water in gaza undrinkable leaves homes clinics and schools with power cuts of up to  hours
 of gazas most fertile land and  of its fishing waters are inaccessible because of the blockade
water is scarce and when its available its polluted and farmers have had to abandon many popular crops which require large amounts of clean water
our partners and our team are on the ground in the gaza strip delivering food water and life saving aid right now"
0,game shows always look like good fun on tv but hidden underneath that surface are some details that we are only hearing about now
1,"the fear and uncertainty of not having a safe place to eat study and sleep takes a huge toll on a child and right now there are thousands of children like angel enduring this misery a whole generation of children are being denied their right to a safe home  and it has to change
you can make that change happen by leaving a gift to shelter in your will  and we can help you do it for free find out more now"
1,conflict in ukraine has contributed to global food prices skyrocketing and severe shortages millions of children are suffering extreme hunger with families resorting to desperate measures to survive donate now and you could help provide food to families affected by this crisis
0,check out my article in the denver post and remember to never give up you are never alone
1,"congress is still trying to pass new laws that would help china pull ahead of american businesses and hurt american consumers
this needs to stop immediately send a letter to congress now"
1,indigenous delegates want pope francis to visit canada and apologize for abuses at residential schools but one professor says contemporary reports of abuse must be investigated too
0,children do not often listen to their parents about these things so id like to introduce you to our mind ninja online program
1,people are suffering from severe hunger we urgently need more donations will you donate to help save lives
1,"you can make a difference this year donate now and for a limited time your gift will have triple the impact to help millions of scared and abused animals who are suffering in silence right now
your gift makes you a membera valuable part of our mission to help animals who have no voice and need us the most will you help"
0,animals like these are not something that most people see on most days weve looked all over the world and the internet to find creatures with mindboggling sizes looking at animals like these is like looking into a window of our prehistoric past it is safe to say that our perception of wildlife has now been permanently changed
1,we are facing an epidemic of violence from an out of control criminal element support jay morris antiviolent crime bill to hold the system accountable and keep repeat violent offenders in jail
1,tell boris johnson  dont let fossil fuel companies use secret courts to block climate action sign quickly now
0,"stand with the people of ukraine as we defend
ourselves from russian aggression now accepting
cryptocurrency donations bitcoin ethereum and
usdt"
1,"within a matter of months weve grown from caring for  orphans to caring for  orphans  alhamdulillah
by donating you can make a difference to an orphaned childs life by giving them opportunities for education and providing for basic life essentialsfrom as little as  you can make an immense difference to the lives of orphans around the worldcontribute to our orphan support program today"
1,because of covid hundreds of millions more people are suffering from hunger help turn the tide with a gift today
1,i am honored and proud to have the support of the local educators of charles county we share in the knowledge that we must rescue our educational system from extremists and recenter our education on the needs of our children an investment in education is an investment in our future and i am proud to be doing my part to set up the next generation for success vote gilbert bj bowling for commissioner district early voting is july th july th election day is july th
1,to drop bombs on babies and expectant mothers is an act of cruelty for which there can be no justification
1,sold  days rose called on friday morning nathan i am moving to america tonight and a friend tells me you can sell my car it needs to be sold by next friday before my insurance expires challenge accepted absolutely love your word of mouth
1,"why would you do that it is true water wells will not defend the ummah online  if we do not counteract the islamophobic media industry then who will
enough talking time for some action
allah swt says he will not change the condition of a people until they change what is within themselves
click the button or the link and donate now"
1,"anxiety disruptive protest and climate action
feeling anxious about climate here are suggestions perspectives and research from a psychologistactivist want to take effective climate action check out this post"
0,cooking is hard and so many things can go wrong from forgetting a timer to exchanging sugar with salt these people learned that lesson the hard way and thankfully they decided to share their results online for people to learn and laugh a little bit
1,we have a huge fundraising deadline coming up on march  at midnight can you please make a contribution before our endofquarter deadline and help us take the lead in this race
1,thousands are in danger including vulnerable elderly and holocaust survivors provide emergency aid to the thousands of elderly who are in need give now
1,"we know that preparing short talks symposia or posters for a scientific audience can be overwhelming especially in an era of new virtual modes and digital fatigue
in this session our speakers will give you tools and tips to communicate a story successfully to a scientific audience
save your virtual seat and ask your questions to the speakers in advance"
1,ğ™ğ™ğ™¢ğ™š ğ™ğ™¨ ğ™§ğ™ªğ™£ğ™£ğ™ğ™£ğ™œ ğ™¤ğ™ªğ™© the senate needs to act now to advance comprehensive drug pricing legislation including medicare negotiation
0,shopping for clothes sustainably is becoming more popular as the industry continues to create pollution and emissions but in the recent wave of retail greenwashing it can be hard territory to navigate here are the basics to spending your way to sustainability
0,click on the picture to participate in our short survey
1,from west africa to eastern europe young peoples lives are on the line  innocent children are killed or injured in conflicts everyday this is wrong we must take action
1,all arround the world people are defnding women is right join our comunity and sign the petition
1,more than 1000 people have already joined ourcause what are you waiting for
0,updated release
1,we all agree that children need to live in an environement that encourages them to grow and be creative join us today
1,virtually everyone knows america has a big illegal immigration problem but we also have a legal immigration problem current us immigration policy is not serving the best interests of america is there a way to protect american citizens and still welcome newcomers to our shores reihan salam offers an insightful solution
1,this giving tuesday please watch this video and consider supporting the important work undertaken by the maa trust all of these activities are only possible thanks to the generosity of our supporters every little helps and we are especially grateful to the regular monthly and annual supporters for those interested in supporting a needy child through the scholarship programme please contact
1,want to have your voice heard in the eu parliament member daniel freund is explaining how you can take part in the conference on the future of europe post your questions and comments now
1,this will be a tough winter with no income to afford medical treatment your taxdeductible donation is the only hope for many refugees during the crisis
1,endorsed by the republican party our campaign is the front runner for the chair vote for your advantage
1,"this election weve put together a graphic that shows the strengths and weaknesses of each party on a selection of issues we care about we would however strongly encourage you to research the local candidates in your electorate ultimately parties are formed by individuals and those individuals then wield influence within their party  there are strong and weak candidates in both major parties there are also many independent candidates running in this election who may offer a better or worse alternative
of course the most important thing is to encourage your friends to sign up to the common good party  the thing we need most right now is members to register ourselves so next time around we can all have a better choice to sign up visit"
1,"thousands of children throughout the land of israel have been affected and traumatized by brutal terror attacks the shiloh israel childrens fund needs your help to provide cuttingedge therapies to heal children affected by terror
donate today to help the children of israel"
1,urgent the supreme court has allowed texas unprecedented abortion ban to stay in effect  taking away many peoples ability to access abortion across the state  and seems poised to overturn or gut roe v wade later this year
0,how can businesses â€˜grow greenerâ€™ successfully satisfy customers and employees while avoiding accusations of greenwashing watch to find out
0,where are the deleted emails in the bell shooting investigation recommends felony charges for kenosha city administrator and it director httpwwwkenoshanewscomâ€¦articleedddefcâ€¦
1,today is givingtuesday there is no greater gift than the gift of health we see how healthcare in lowincome countries is under even more pressure due to the current pandemic more than ever welltrained health professionals are needed with kit scholarship fund we support health professionals to study a master programme in international or public health by training health professionals at kit we can help reduce the shortage of health workers in lowincome countries and enable these professionals to make a difference in their own country local professionals know best which approaches work in the context of their own country allowing everyone to get access to good quality healthcare we would like to contribute even more by training more people but this is only possible with your support if you would like to support a student in their strive for the tangible betterment of global health please visit
1,society agrees on the importance of climate change consequences join us to preserve our planet
1,the nature now camp is a mix of presentations and practical workshops where we deal with both facts concerns hope and action
0,learn about the french presidency of the eu council
0,sometimes people only have one job to do and still manage to screw it up but at least here we can laugh at it
0,trying to explain social media to our grandparents its easier said than done
1,"this earth day comes after one of the hottest years ever on record
climate change is intensifying faster than before there is no planet b make an urgent gift to protect our future"
0,dance like nobody is watching
1,"urgent help the animals of ukraine your donation matched  as the terrible conflict continues more refugees and their beloved pets are fleeing to poland and are arriving in desperate need of medical care food and shelter
we are providing ongoing support to our partner organisation toz  towarzystwo opieki nad zwierzetami society for the prevention of cruelty to animals your donation will enable them to provide urgent treatment and complete an emergency clinic for those animals in desperate need help us help them please donate today
for a limited time a generous supporter has pledged to match your gift making your support of ukrainian animals go twice as far please donate now to make sure your donation is doubled
these animals desperately need your help please donate today"
1,many neglected diseases are also climatesensitive the worlds most vulnerable populations will once again bear the biggest burden its time to develop safe effective and affordable treatments for the most neglected
1,award wining author is joining us today to talk about how we shoudl be taking bigger risks to have bigger results
1,this solution is so exciting for us get ahead and assess your individual and or business personal property today its super quick and super easy the deadline to assess your personal property without penalty is may
1,"how would you feel if you donated money to help victims cancer patients and animals to later found out that more than  of the funds donated did not go toward helping the victim the cancer patient or the animal
sadly this is happening all over america today they are large organizations with several branches bearing the same corrupt fruit its a real ponzi scheme and these people who do this are engaging in criminal activity they prey on the hearts of the american people they set up campaigns telling you they have lawyers and groups who can help the voiceless all lies
many of these organizations are in fact up on the hill claiming to lobby against this when in reality they are perpetuating the problem they are actually behind the greedy evil schemes of abuse disease and the death of life in fact in some ofthe worst cases less than a penny of every dollar that is donated is ever given to the voiceless victim or to even stop the cycle
right now there are thousands and thousands of nonprofits and charities in the united states these corrupt trees bearing rotten fruit are destroying the integrity of america and the moral obligation to do what is right
let us look at the wild horse and burro situation
many large and small nonprofits are perpetuating the path of pesticides abuse and death alongside the bureau of land management conspiracy to defraud the united states of america
they advertise they campaign they lobby they claim they will protect the animals and speak on their behalf to help the cycle of evil end
everything is not as it seems 
these claimed advocacy groups share the pain and the horror all over social media with a donate button you then cry and feel heartbroken by the sadness the pain and the death the animals face and rightfully so but understand this the predator knows this they know you will pull out your wallet and give your money to them yet nothing changes the cycle of abuse and pain continues today in fact it is worse
look at all the years of this happening and look at the cycle continue and now many nonprofits are millionaires and the animals die contracts awarded to poison them with epa labeled pesticides awarded money to adopt sanctuary schemes kill pen cycle schemes slaughter pipeline trafficking death etc
if you truly care please stop giving to the nonprofits they are a chain of disgrace and they perpetuate the cycle of death"
0,as winds down we celebrate winsâ€”but also the lessons learned through missteps read sr director abby saloma is article on one of our lessons
1,act now the world is watching in shock as the deadly coronavirus continues to spread the exact origins are unknown but its clear that the wildlife trade poses a dire threat to public health please help reduce the spread of disease by urging all countries to permanently ban the wildlife trade
1,greedy corporations have turned our food system into a nightmare every day giant factory farms pump toxic pollution into our waterways and accelerate the climate crisis with tons of greenhouse gas emissions we need  more signatures on our new petition to help ban factory farming now but your signature is still missing please add your name now before the midnight deadline
0,do the work like our page
1,a healthy ocean can combat the climate crisis but fragile ecosystems are being damaged every day lets restore ocean health
1,ukrainian jews are in danger provide emergency aid to the thousands of jewish people in crisis give now
0,33 unique people whose genetics made them remarkably different
1,"million people fled from their homes last year that is the highest number since world war 
we cant forget them we must help them"
